CODIGO,CNPJ,NOME
1,82.273.814/0001-96,Wallace-Carlson
2,36.885.159/0001-96,Stewart-Allen
3,30.965.265/0001-53,Lopez and Sons
4,77.356.220/0001-86,Salazar Ltd
5,66.781.279/0001-11,Alvarez-Davis
6,70.797.519/0001-82,Mcdowell Inc
7,75.418.764/0001-55,Villanueva PLC
8,59.957.773/0001-42,"Myers, Thornton and Hill"
9,29.674.807/0001-11,Atkinson Ltd
10,68.859.180/0001-52,"Bryan, Barnes and Hill"
11,15.657.387/0001-27,Keller-Davies
12,40.880.593/0001-55,Miller-Salazar
13,88.394.789/0001-55,Matthews-Rogers
14,85.748.974/0001-89,Sanchez Ltd
15,26.832.417/0001-59,Wilson-Robinson
16,63.948.766/0001-20,Cook Inc
17,10.708.296/0001-99,Logan Ltd
18,52.263.345/0001-38,Williams PLC
19,91.558.487/0001-96,"Kent, Ferguson and Becker"
20,82.995.524/0001-14,Martinez and Sons
